{"cameraMode":{"drawMode":2,"name":"Shaded Wireframe","section":"Shading Mode"},"sceneLighting":false,"audioPlay":false,"sceneViewState":{"m_AlwaysRefresh":false,"showFog":true,"showSkybox":false,"showFlares":true,"showImageEffects":true,"showParticleSystems":true,"showVisualEffectGraphs":true,"m_FxEnabled":true},"in2DMode":false,"pivot":{"x":0.3473759889602661,"y":1.8348960876464844,"z":0.49175286293029787},"rotation":{"x":0.11089697480201721,"y":0.8884009122848511,"z":-0.33318936824798586,"w":0.29568997025489809},"size":1.3676214218139649,"orthographic":false}